onset	duration	trial_type	stimulus
1.5561999134661164e-05	638.170115295	film	YFTR
638.1802350849994	2.0024186840000766	end_screen	
