onset	duration	trial_type	stimulus
1.8215001546195708e-05	638.1660215660013	film	YFTR
638.1686565610016	2.006809426999098	end_screen	
