onset	duration	trial_type	stimulus
1.559899828862399e-05	638.2063457250042	film	YFTR
638.2172098540032	2.0027361060056137	end_screen	
