onset	duration	trial_type	stimulus
1.906499892356805e-05	638.1711763659987	film	YFTR
638.1814034119998	2.001981187997444	end_screen	
