onset	duration	trial_type	stimulus
1.4047000149730591e-05	638.1379534909993	film	YFTR
638.1479718289993	2.00254923600005	end_screen	
