onset	duration	trial_type	stimulus
1.7971993656829e-05	638.1219260930084	film	YFTR
638.1321585080004	2.002246429998195	end_screen	
