onset	duration	trial_type	stimulus
1.7450001905672252e-05	427.06890862	film	Bao
427.0715189140028	2.005458128998725	end_screen	
