onset	duration	trial_type	stimulus
1.403200440108776e-05	427.07223224399786	film	Bao
427.0823070760089	2.002418534990284	end_screen	
