onset	duration	trial_type	stimulus
1.713799429126084e-05	427.0916433669918	film	Bao
427.1027850919927	2.0001524450053694	end_screen	
