onset	duration	trial_type	stimulus
1.6444999346276745e-05	427.14649493199977	film	Bao
427.1564167280012	2.002590898999188	end_screen	
