onset	duration	trial_type	stimulus
1.810100002330728e-05	427.0813628409997	film	Bao
427.0914202800013	2.002469707000273	end_screen	
