onset	duration	trial_type	stimulus
2.1333995391614732e-05	427.0970568689954	film	Bao
427.1070937699988	2.0026074089983013	end_screen	
