onset	duration	trial_type	stimulus
1.3412999578577e-05	638.1635290200002	film	YFTR
638.1734810429998	2.002608073000374	end_screen	
