onset	duration	trial_type	stimulus
1.3963999663246796e-05	638.1455252800006	film	YFTR
638.1555503759992	2.0026408580015413	end_screen	
