onset	duration	trial_type	stimulus
1.9081999198533595e-05	427.1479556960003	film	Bao
427.1511363539994	2.0005138530013937	end_screen	
