onset	duration	trial_type	stimulus
1.7837002815213054e-05	638.1460582459986	film	YFTR
638.156149866998	2.00199986500229	end_screen	
