onset	duration	trial_type	stimulus
1.9287999748485163e-05	427.141463502001	film	Bao
427.1518900640003	2.002479369999492	end_screen	
